{"regression_metrics": {"mse": {"value": 4.742602620318463, "standard_deviation": 2.177616538311844}}}